intent,input
wikipedia,Can you provide information on the Eiffel Tower?
wikipedia,Tell me more about the concept of dark matter.
wikipedia,Give me a summary of the life of Marie Curie.
wikipedia,Explore the page on Ancient Egypt and share some insights.
wikipedia,What's the Wikipedia take on the theory of relativity?
wikipedia,I'm curious about black holes can you fetch details from Wikipedia?
wikipedia,Inform me about the key events of the Renaissance period.
wikipedia,Delve into the Wikipedia entry for the history of video games and provide details.
wikipedia,What does Wikipedia say about the Great Barrier Reef?
wikipedia,Provide me with an overview of the French Revolution sourced from Wikipedia.
wikipedia,Give me some interesting facts about artificial neural networks.
wikipedia,Explore the Wikipedia page on climate change and share key points.
wikipedia,Can you extract information on the history of jazz from Wikipedia?
wikipedia,Summarize the Wikipedia article on the human brain for me.
wikipedia,What's the Wikipedia summary for the Golden Gate Bridge?
wikipedia,Share some insights from the Wikipedia page on quantum mechanics.
wikipedia,I'm interested in the history of aviation what does Wikipedia say?
wikipedia,Provide me with an overview of the Battle of Gettysburg sourced from Wikipedia.
wikipedia,What are the Wikipedia-recommended sources for learning about World War II?
wikipedia,I'm curious about the life of Frida Kahlo can you fetch details from Wikipedia?
wikipedia,Inform me about the key concepts in existentialism according to Wikipedia.
wikipedia,Delve into the Wikipedia entry on climate change and share details.
wikipedia,What does Wikipedia say about the Great Wall of China?
wikipedia,Provide me with an overview of the Industrial Revolution sourced from Wikipedia.
wikipedia,Give me some interesting facts about the International Space Station.
wikipedia,Explore the Wikipedia page on the history of cinema and share key points.
wikipedia,Can you extract information on the history of psychology from Wikipedia?
wikipedia,Summarize the Wikipedia article on the theory of evolution for me.
wikipedia,What's the Wikipedia summary for the ancient city of Rome?
wikipedia,Share some insights from the Wikipedia page on the human genome.
wikipedia,I'm interested in the history of photography what does Wikipedia say?
wikipedia,Provide me with an overview of the Russian Revolution sourced from Wikipedia.
wikipedia,What are the Wikipedia-recommended sources for learning about Albert Einstein?
wikipedia,I'm curious about the life of Nelson Mandela can you fetch details from Wikipedia?
wikipedia,Inform me about the key events of the American Civil War according to Wikipedia.
wikipedia,Delve into the Wikipedia entry on the history of space exploration and share details.
wikipedia,What does Wikipedia say about the history of the Internet?
wikipedia,Provide me with an overview of the Renaissance art sourced from Wikipedia.
wikipedia,Give me some interesting facts about the Seven Wonders of the Ancient World.
wikipedia,Explore the Wikipedia page on the history of mathematics and share key points.
wikipedia,Can you extract information on the history of ancient Greece from Wikipedia?
wikipedia,Summarize the Wikipedia article on the development of the periodic table for me.
wikipedia,What's the Wikipedia summary for the history of the Ottoman Empire?
wikipedia,Share some insights from the Wikipedia page on the history of astronomy.
wikipedia,I'm interested in the life of Leonardo da Vinci what does Wikipedia say?
wikipedia,Provide me with an overview of the French Revolution sourced from Wikipedia.
wikipedia,What are the Wikipedia-recommended sources for learning about the history of China?
wikipedia,I'm curious about the life of Wolfgang Amadeus Mozart can you fetch details from Wikipedia?
wikipedia,Inform me about the key concepts in string theory according to Wikipedia.
wikipedia,Delve into the Wikipedia entry on climate change and share details.
wikipedia,What does Wikipedia say about the history of the Great Depression?
wikipedia,Provide me with an overview of the Industrial Revolution sourced from Wikipedia.
wikipedia,Give me some interesting facts about the history of the Roman Empire.
wikipedia,Explore the Wikipedia page on the history of psychology and share key points.
wikipedia,Can you extract information on the history of philosophy from Wikipedia?
wikipedia,Summarize the Wikipedia article on the theory of relativity for me.
wikipedia,What's the Wikipedia summary for the history of the Middle Ages?
wikipedia,Share some insights from the Wikipedia page on the history of chemistry.
wikipedia,I'm interested in the life of Vincent van Gogh what does Wikipedia say?
wikipedia,Provide me with an overview of the Russian Revolution sourced from Wikipedia.
wikipedia,What are the Wikipedia-recommended sources for learning about the history of aviation?
wikipedia,I'm curious about the life of Ada Lovelace can you fetch details from Wikipedia?
wikipedia,Inform me about the key events of the Renaissance period according to Wikipedia.
wikipedia,Delve into the Wikipedia entry on climate change and share details.
wikipedia,What does Wikipedia say about the history of the Cold War?
wikipedia,Provide me with an overview of the Renaissance art sourced from Wikipedia.
wikipedia,Give me some interesting facts about the history of the British Empire.
wikipedia,Explore the Wikipedia page on the history of computer science and share key points.
wikipedia,Can you extract information on the history of ancient Rome from Wikipedia?
wikipedia,Summarize the Wikipedia article on the development of the Internet for me.
wikipedia,What's the Wikipedia summary for the history of the Byzantine Empire?
wikipedia,Share some insights from the Wikipedia page on the history of genetics.
wikipedia,I'm interested in the life of Isaac Newton what does Wikipedia say?
wikipedia,Provide me with an overview of the French Revolution sourced from Wikipedia.
wikipedia,What are the Wikipedia-recommended sources for learning about the history of space exploration?
wikipedia,I'm curious about the life of Mary Shelley can you fetch details from Wikipedia?
wikipedia,Inform me about the key concepts in artificial intelligence according to Wikipedia.
wikipedia,Delve into the Wikipedia entry on climate change and share details.
wikipedia,What does Wikipedia say about the history of the Industrial Revolution?
wikipedia,Provide me with an overview of the Renaissance art sourced from Wikipedia.
wikipedia,Give me some interesting facts about the history of the Silk Road.
wikipedia,Explore the Wikipedia page on the history of mathematics and share key points.
wikipedia,Can you extract information on the history of ancient Egypt from Wikipedia?
wikipedia,Summarize the Wikipedia article on the development of the printing press for me.
wikipedia,What's the Wikipedia summary for the history of the Viking Age?
wikipedia,Share some insights from the Wikipedia page on the history of philosophy.
wikipedia,I'm interested in the life of Galileo Galilei what does Wikipedia say?
wikipedia,Provide me with an overview of the Russian Revolution sourced from Wikipedia.
wikipedia,What are the Wikipedia-recommended sources for learning about the history of ancient Greece?
wikipedia,I'm curious about the life of Charles Darwin can you fetch details from Wikipedia?
wikipedia,Inform me about the key events of the American Revolution according to Wikipedia.
wikipedia,Delve into the Wikipedia entry on climate change and share details.
wikipedia,What does Wikipedia say about the history of the Scientific Revolution?
wikipedia,Provide me with an overview of the Industrial Revolution sourced from Wikipedia.
wikipedia,Give me some interesting facts about the history of the Mayan civilization.
wikipedia,Explore the Wikipedia page on the history of psychology and share key points.
wikipedia,Can you extract information on the history of ancient China from Wikipedia?
wikipedia,Summarize the Wikipedia article on the development of the steam engine for me.
wikipedia,What's the Wikipedia summary for the history of the French Revolution?
wikipedia,Share some insights from the Wikipedia page on the history of astronomy.
wikipedia,I'm interested in the life of Nikola Tesla what does Wikipedia say?
wikipedia,Provide me with an overview of the French Revolution sourced from Wikipedia.
wikipedia,What are the Wikipedia-recommended sources for learning about the history of the Internet?
wikipedia,I'm curious about the life of Alan Turing can you fetch details from Wikipedia?
wikipedia,Inform me about the key concepts in quantum mechanics according to Wikipedia.
wikipedia,Delve into the Wikipedia entry on climate change and share details.
wikipedia,What does Wikipedia say about the history of the Byzantine Empire?
wikipedia,Provide me with an overview of the Renaissance art sourced from Wikipedia.
wikipedia,Give me some interesting facts about the history of the Ottoman Empire.
wikipedia,Explore the Wikipedia page on the history of computer science and share key points.
wikipedia,Can you extract information on the history of the Mongol Empire from Wikipedia?
wikipedia,Summarize the Wikipedia article on the development of the telescope for me.
wikipedia,What's the Wikipedia summary for the history of the Enlightenment?
wikipedia,Share some insights from the Wikipedia page on the history of chemistry.
wikipedia,I'm interested in the life of Stephen Hawking what does Wikipedia say?
wikipedia,Provide me with an overview of the Russian Revolution sourced from Wikipedia.
wikipedia,What are the Wikipedia-recommended sources for learning about the history of aviation?
wikipedia,I'm curious about the life of Rosalind Franklin can you fetch details from Wikipedia?
wikipedia,Inform me about the key events of the Renaissance period according to Wikipedia.
wikipedia,Delve into the Wikipedia entry on climate change and share details.
wikipedia,What does Wikipedia say about the history of the Great Depression?
wikipedia,Provide me with an overview of the Industrial Revolution sourced from Wikipedia.
wikipedia,Give me some interesting facts about the history of the Roman Empire.
wikipedia,Explore the Wikipedia page on the history of psychology and share key points.
wikipedia,Can you extract information on the history of philosophy from Wikipedia?
wikipedia,Summarize the Wikipedia article on the theory of relativity for me.
wikipedia,What's the Wikipedia summary for the history of the Middle Ages?
wikipedia,Share some insights from the Wikipedia page on the history of ancient Rome.
wikipedia,I'm interested in the life of Vincent van Gogh what does Wikipedia say?
wikipedia,Provide me with an overview of the French Revolution sourced from Wikipedia.
wikipedia,What are the Wikipedia-recommended sources for learning about the history of China?
wikipedia,I'm curious about the life of Ada Lovelace can you fetch details from Wikipedia?
wikipedia,Inform me about the key concepts in artificial intelligence according to Wikipedia.
wikipedia,Delve into the Wikipedia entry on climate change and share details.
wikipedia,What does Wikipedia say about the history of the Cold War?
wikipedia,Provide me with an overview of the Renaissance art sourced from Wikipedia.
wikipedia,Give me some interesting facts about the history of the British Empire.
wikipedia,Explore the Wikipedia page on the history of computer science and share key points.
wikipedia,Can you extract information on the history of ancient Rome from Wikipedia?
wikipedia,Summarize the Wikipedia article on the development of the Internet for me.
wikipedia,What's the Wikipedia summary for the history of the Byzantine Empire?
wikipedia,Share some insights from the Wikipedia page on the history of genetics.
wikipedia,I'm interested in the life of Isaac Newton what does Wikipedia say?
wikipedia,Provide me with an overview of the French Revolution sourced from Wikipedia.
wikipedia,What are the Wikipedia-recommended sources for learning about the history of space exploration?
wikipedia,I'm curious about the life of Mary Shelley can you fetch details from Wikipedia?
wikipedia,Inform me about the key concepts in artificial intelligence according to Wikipedia.
wikipedia,Delve into the Wikipedia entry on climate change and share details.
wikipedia,What does Wikipedia say about the history of the Industrial Revolution?
wikipedia,Provide me with an overview of the Renaissance art sourced from Wikipedia.
wikipedia,Give me some interesting facts about the history of the Silk Road.
wikipedia,Explore the Wikipedia page on the history of mathematics and share key points.
wikipedia,Can you extract information on the history of ancient Egypt from Wikipedia?
wikipedia,Summarize the Wikipedia article on the development of the printing press for me.
wikipedia,What's the Wikipedia summary for the history of the Viking Age?
wikipedia,Share some insights from the Wikipedia page on the history of philosophy.
wikipedia,I'm interested in the life of Galileo Galilei what does Wikipedia say?
wikipedia,Provide me with an overview of the Russian Revolution sourced from Wikipedia.
wikipedia,What are the Wikipedia-recommended sources for learning about the history of ancient Greece?
wikipedia,I'm curious about the life of Charles Darwin can you fetch details from Wikipedia?
wikipedia,Inform me about the key events of the American Revolution according to Wikipedia.
wikipedia,Delve into the Wikipedia entry on climate change and share details.
wikipedia,What does Wikipedia say about the history of the Scientific Revolution?
wikipedia,Provide me with an overview of the Industrial Revolution sourced from Wikipedia.
wikipedia,Give me some interesting facts about the history of the Mayan civilization.
wikipedia,Explore the Wikipedia page on the history of psychology and share key points.
wikipedia,Can you extract information on the history of ancient China from Wikipedia?
wikipedia,Summarize the Wikipedia article on the development of the steam engine for me.
wikipedia,What's the Wikipedia summary for the history of the French Revolution?
wikipedia,Share some insights from the Wikipedia page on the history of astronomy.
wikipedia,I'm interested in the life of Nikola Tesla what does Wikipedia say?
wikipedia,Provide me with an overview of the French Revolution sourced from Wikipedia.
wikipedia,What are the Wikipedia-recommended sources for learning about the history of the Internet?
wikipedia,I'm curious about the life of Alan Turing can you fetch details from Wikipedia?
wikipedia,Inform me about the key concepts in quantum mechanics according to Wikipedia.
wikipedia,Delve into the Wikipedia entry on climate change and share details.
wikipedia,What does Wikipedia say about the history of the Byzantine Empire?
wikipedia,Provide me with an overview of the Renaissance art sourced from Wikipedia.
wikipedia,Give me some interesting facts about the history of the Ottoman Empire.
wikipedia,Explore the Wikipedia page on the history of computer science and share key points.
wikipedia,Can you extract information on the history of the Mongol Empire from Wikipedia?
wikipedia,Summarize the Wikipedia article on the development of the telescope for me.
reminder,Set a reminder for tomorrow at 3 PM
reminder,Remind me to buy groceries on Friday
reminder,Create a reminder for the meeting at 10 AM
reminder,Set an alarm for my dentist appointment at 2:30 PM
reminder,Remind me to call mom in 1 hour
reminder,Create a reminder to water the plants every Sunday
reminder,Set a reminder for the project deadline on the 15th
reminder,Remind me to take a break every 2 hours
reminder,Create a reminder for the anniversary on the 10th of next month
reminder,Set a reminder to submit the report by 5 PM
reminder,Remind me to check the mail at 4:30 PM
reminder,Create a reminder for the webinar next week
reminder,Set a reminder for the team huddle at 9:30 AM
reminder,Remind me to pay the bills on the 1st of the month
reminder,Create a reminder for the gym session at 6 AM
reminder,Set an alert for the doctor's appointment on Wednesday
reminder,Remind me to update the software in 2 days
reminder,Create a reminder for the conference call at 1:30 PM
reminder,Set a reminder for the dentist visit on the 20th
reminder,Remind me to send the monthly report on Monday
reminder,Create a reminder for the birthday party next Saturday
reminder,Set a reminder for the daily stand-up meeting at 10 AM
reminder,Remind me to review the presentation at 3:45 PM
reminder,Create a reminder for the flight on the 25th
reminder,Set an alarm for the early morning jog at 6:30 AM
reminder,Remind me to pick up dry cleaning after work
reminder,Create a reminder for the project status meeting at 2 PM
reminder,Set a reminder for the online course starting next month
reminder,Remind me to book tickets for the concert on Friday
reminder,Create a reminder for the doctor's follow-up appointment
reminder,Set a reminder for the conference registration deadline
reminder,Remind me to start preparing for the exam next week
reminder,Create a reminder for the networking event on the 12th
reminder,Set a reminder for the quarterly review meeting at 4 PM
reminder,Remind me to send the client proposal by tomorrow
reminder,Create a reminder for the team building activity next month
reminder,Set a reminder for the software update on the 5th
reminder,Remind me to call the insurance company at 2:15 PM
reminder,Create a reminder for the workshop on Saturday
reminder,Set a reminder for the product launch event at 11 AM
reminder,Remind me to submit the expense report by Friday
reminder,Create a reminder for the dentist checkup on the 8th
reminder,Set an alert for the webinar registration closing tomorrow
reminder,Remind me to review the project plan at 3:30 PM
reminder,Create a reminder for the weekly team meeting at 9:30 AM
reminder,Set a reminder for the deadline to submit travel expenses
reminder,Remind me to water the garden every other day
reminder,Create a reminder for the family reunion next month
reminder,Set a reminder for the training session on the 18th
reminder,Remind me to send the invoices on the 1st of the month
reminder,Create a reminder for the software demo at 2:45 PM
reminder,Set a reminder for the marketing presentation on Wednesday
reminder,Remind me to update the project status on Monday
reminder,Create a reminder for the team lunch on Friday
reminder,Set a reminder for the weekly progress report at 11 AM
reminder,Remind me to call the IT support at 1:30 PM
reminder,Create a reminder for the charity event next Saturday
reminder,Set a reminder for the client meeting on the 7th
reminder,Remind me to send the meeting agenda by tomorrow
reminder,Create a reminder for the parent-teacher conference next week
reminder,Set a reminder for the software release on the 22nd
reminder,Remind me to attend the training webinar at 3 PM
reminder,Create a reminder for the project kickoff meeting at 9 AM
reminder,Set a reminder for the weekly team building activity
reminder,Remind me to review the contract terms at 2:30 PM
reminder,Create a reminder for the team offsite next month
reminder,Set a reminder for the doctor's appointment on the 12th
reminder,Remind me to submit the research paper by Friday
reminder,Create a reminder for the marketing campaign launch on Monday
reminder,Set a reminder for the budget review meeting at 4:15 PM
reminder,Remind me to update the client on the project status
reminder,Create a reminder for the software training session at 10 AM
reminder,Set a reminder for the customer feedback survey next week
reminder,Remind me to review the code changes at 3:45 PM
reminder,Create a reminder for the team celebration on the 15th
reminder,Set a reminder for the quarterly financial report on Thursday
reminder,Remind me to submit the leave request by tomorrow
reminder,Create a reminder for the team building workshop at 2 PM
reminder,Set an alert for the product demo on the 8th
reminder,Remind me to update the client on the project progress
reminder,Create a reminder for the team dinner on Friday
reminder,Set a reminder for the weekly planning meeting at 10:30 AM
reminder,Remind me to finalize the budget proposal by Monday
reminder,Create a reminder for the webinar registration deadline
reminder,Set a reminder for the product launch event at 2:15 PM
reminder,Remind me to call the client for feedback at 3:30 PM
reminder,Create a reminder for the team training session on the 20th
reminder,Set a reminder for the software update on the 10th
reminder,Remind me to submit the project proposal by Friday
reminder,Create a reminder for the team building activity on Saturday
reminder,Set a reminder for the monthly status report on the 5th
reminder,Remind me to attend the industry conference next month
reminder,Create a reminder for the team lunch on Wednesday
reminder,Set a reminder for the client meeting on the 18th
reminder,Remind me to review the project timeline at 4 PM
reminder,Create a reminder for the weekly progress update at 11:30 AM
reminder,Set a reminder for the budget review meeting on Friday
reminder,Remind me to send the client presentation by tomorrow
reminder,Create a reminder for the software demo at 2:45 PM
reminder,Set a reminder for the marketing campaign launch on Monday
reminder,Remind me to water the plants every other day
reminder,Create a reminder for the family reunion next month
reminder,Set a reminder for the training session on the 18th
reminder,Remind me to send the invoices on the 1st of the month
reminder,Create a reminder for the software demo at 2:45 PM
reminder,Set a reminder for the marketing presentation on Wednesday
reminder,Remind me to update the project status on Monday
reminder,Create a reminder for the team lunch on Friday
reminder,Set a reminder for the weekly progress report at 11 AM
reminder,Remind me to call the IT support at 1:30 PM
reminder,Create a reminder for the charity event next Saturday
reminder,Set a reminder for the client meeting on the 7th
reminder,Remind me to send the meeting agenda by tomorrow
reminder,Create a reminder for the parent-teacher conference next week
reminder,Set a reminder for the software release on the 22nd
reminder,Remind me to attend the training webinar at 3 PM
reminder,Create a reminder for the project kickoff meeting at 9 AM
reminder,Set a reminder for the weekly team building activity
reminder,Remind me to review the contract terms at 2:30 PM
reminder,Create a reminder for the team offsite next month
reminder,Set a reminder for the doctor's appointment on the 12th
reminder,Remind me to submit the research paper by Friday
reminder,Create a reminder for the marketing campaign launch on Monday
reminder,Set a reminder for the budget review meeting at 4:15 PM
reminder,Remind me to update the client on the project status
reminder,Create a reminder for the software training session at 10 AM
reminder,Set a reminder for the customer feedback survey next week
reminder,Remind me to review the code changes at 3:45 PM
reminder,Create a reminder for the team celebration on the 15th
reminder,Set a reminder for the quarterly financial report on Thursday
reminder,Remind me to submit the leave request by tomorrow
reminder,Create a reminder for the team building workshop at 2 PM
reminder,Set an alert for the product demo on the 8th
reminder,Remind me to update the client on the project progress
reminder,Create a reminder for the team dinner on Friday
reminder,Set a reminder for the weekly planning meeting at 10:30 AM
reminder,Remind me to finalize the budget proposal by Monday
reminder,Create a reminder for the webinar registration deadline
reminder,Set a reminder for the product launch event at 2:15 PM
reminder,Remind me to call the client for feedback at 3:30 PM
reminder,Create a reminder for the team training session on the 20th
reminder,Set a reminder for the software update on the 10th
reminder,Remind me to submit the project proposal by Friday
reminder,Create a reminder for the team building activity on Saturday
reminder,Set a reminder for the monthly status report on the 5th
reminder,Remind me to attend the industry conference next month
reminder,Create a reminder for the team lunch on Wednesday
reminder,Set a reminder for the client meeting on the 18th
reminder,Remind me to review the project timeline at 4 PM
reminder,Create a reminder for the weekly progress update at 11:30 AM
reminder,Set a reminder for the budget review meeting on Friday
reminder,Remind me to send the client presentation by tomorrow
reminder,Create a reminder for the software demo at 2:45 PM
reminder,Set a reminder for the marketing campaign launch on Monday
reminder,Remind me to water the plants every other day
reminder,Create a reminder for the family reunion next month
reminder,Set a reminder for the training session on the 18th
reminder,Remind me to send the invoices on the 1st of the month
reminder,Create a reminder for the software demo at 2:45 PM
reminder,Set a reminder for the marketing presentation on Wednesday
reminder,Remind me to update the project status on Monday
reminder,Create a reminder for the team lunch on Friday
reminder,Set a reminder for the weekly progress report at 11 AM
reminder,Remind me to call the IT support at 1:30 PM
reminder,Create a reminder for the charity event next Saturday
reminder,Set a reminder for the client meeting on the 7th
reminder,Remind me to send the meeting agenda by tomorrow
reminder,Create a reminder for the parent-teacher conference next week
reminder,Set a reminder for the software release on the 22nd
reminder,Remind me to attend the training webinar at 3 PM
reminder,Create a reminder for the project kickoff meeting at 9 AM
reminder,Set a reminder for the weekly team building activity
reminder,Remind me to review the contract terms at 2:30 PM
reminder,Create a reminder for the team offsite next month
reminder,Set a reminder for the doctor's appointment on the 12th
reminder,Remind me to submit the research paper by Friday
reminder,Create a reminder for the marketing campaign launch on Monday
reminder,Set a reminder for the budget review meeting at 4:15 PM
reminder,Remind me to update the client on the project status
reminder,Create a reminder for the software training session at 10 AM
reminder,Set a reminder for the customer feedback survey next week
reminder,Remind me to review the code changes at 3:45 PM
reminder,Create a reminder for the team celebration on the 15th
reminder,Set a reminder for the quarterly financial report on Thursday
reminder,Remind me to submit the leave request by tomorrow
reminder,Create a reminder for the team building workshop at 2 PM
reminder,Set an alert for the product demo on the 8th
reminder,Remind me to update the client on the project progress
reminder,Create a reminder for the team dinner on Friday
reminder,Set a reminder for the weekly planning meeting at 10:30 AM
reminder,Remind me to finalize the budget proposal by Monday
reminder,Create a reminder for the webinar registration deadline
reminder,Set a reminder for the product launch event at 2:15 PM
reminder,Remind me to call the client for feedback at 3:30 PM
reminder,Create a reminder for the team training session on the 20th
reminder,Set a reminder for the software update on the 10th
reminder,Remind me to submit the project proposal by Friday
reminder,Create a reminder for the team building activity on Saturday
reminder,Set a reminder for the monthly status report on the 5th
reminder,Remind me to attend the industry conference next month
reminder,Create a reminder for the team lunch on Wednesday
reminder,Set a reminder for the client meeting on the 18th
reminder,Remind me to review the project timeline at 4 PM
reminder,Create a reminder for the weekly progress update at 11:30 AM
reminder,Set a reminder for the budget review meeting on Friday
reminder,Remind me to send the client presentation by tomorrow
reminder,Create a reminder for the software demo at 2:45 PM
reminder,Set a reminder for the marketing campaign launch on Monday
reminder,Remind me to water the plants every other day
reminder,Create a reminder for the family reunion next month
reminder,Set a reminder for the training session on the 18th
reminder,Remind me to send the invoices on the 1st of the month
quotes,Share a motivational quote to start the day.
quotes,Request an inspirational phrase to boost my spirits.
quotes,Seek a wise saying for guidance in difficult times.
quotes,In need of a word of wisdom to navigate life's challenges.
quotes,Provide advice on overcoming obstacles and staying positive.
quotes,Looking for a motivational quote to fuel my determination.
quotes,In search of inspiration to stay focused on my goals.
quotes,Request a wise saying about the power of perseverance.
quotes,Share a word of wisdom for making important decisions.
quotes,Seek advice on finding balance and inner peace.
quotes,Looking for motivation to tackle a challenging project.
quotes,In need of inspiration for a creative breakthrough.
quotes,Request a wise saying about the importance of learning from mistakes.
quotes,Provide a word of wisdom for maintaining a positive mindset.
quotes,Looking for advice on achieving work-life balance.
quotes,In search of motivation to overcome self-doubt.
quotes,Request an inspirational quote to share with others.
quotes,Seek a wise saying about the value of continuous learning.
quotes,Share words of wisdom on the journey to success.
quotes,Provide advice on building strong and meaningful relationships.
quotes,Looking for motivation to embrace change and growth.
quotes,In need of inspiration for finding joy in the little things.
quotes,Request a wise saying about the beauty of resilience.
quotes,Seek words of wisdom to encourage taking calculated risks.
quotes,Share advice on staying focused in a world full of distractions.
quotes,Looking for a motivational quote to boost confidence.
quotes,In search of inspiration for pursuing passions wholeheartedly.
quotes,Request a wise saying about the transformative power of kindness.
quotes,Provide a word of wisdom on the pursuit of happiness.
quotes,Looking for advice on maintaining a positive outlook during challenges.
quotes,In need of motivation to turn setbacks into comebacks.
quotes,Request an inspirational quote for daily motivation.
quotes,Seek a wise saying about the importance of self-reflection.
quotes,Share words of wisdom on embracing change with grace.
quotes,Provide advice on finding strength in moments of adversity.
quotes,Looking for motivation to push through a tough day.
quotes,In search of inspiration to ignite creativity.
quotes,Request a wise saying about the journey being as important as the destination.
quotes,Seek words of wisdom on finding purpose in everyday actions.
quotes,Share advice on building resilience in the face of uncertainty.
quotes,Looking for a motivational quote to start a new chapter.
quotes,In need of inspiration to persevere in the face of challenges.
quotes,Request a wise saying about the power of positive thinking.
quotes,Provide words of wisdom on the importance of gratitude.
quotes,Looking for advice on maintaining a healthy work-life balance.
quotes,In search of motivation to embrace change with enthusiasm.
quotes,Request an inspirational quote to share with a friend in need.
quotes,Seek a wise saying about the strength that comes from within.
quotes,Share words of wisdom on the journey to self-discovery.
quotes,Provide advice on finding peace in the midst of chaos.
quotes,Looking for motivation to take the first step toward a goal.
quotes,In need of inspiration to foster a sense of community.
quotes,Request a wise saying about the value of patience.
quotes,Seek words of wisdom on the significance of kindness.
quotes,Share advice on staying resilient in the face of adversity.
quotes,Looking for a motivational quote to inspire action.
quotes,In search of inspiration to fuel creativity and innovation.
quotes,Request a wise saying about the importance of lifelong learning.
quotes,Provide words of wisdom on embracing the present moment.
quotes,Looking for advice on overcoming fear and taking risks.
quotes,In need of motivation to stay focused on long-term goals.
quotes,Request an inspirational quote for a positive start to the week.
quotes,Seek a wise saying about the power of intention.
quotes,Share words of wisdom on finding strength in vulnerability.
quotes,Provide advice on maintaining a positive mindset in challenging times.
quotes,Looking for motivation to turn dreams into reality.
quotes,In search of inspiration for a fresh perspective on life.
quotes,Request a wise saying about the impact of small actions.
quotes,Seek words of wisdom on the journey to self-improvement.
quotes,Share advice on staying true to one's values.
quotes,Looking for a motivational quote to conquer self-doubt.
quotes,In need of inspiration to approach challenges with optimism.
quotes,Request a wise saying about the importance of self-care.
quotes,Provide words of wisdom on the beauty of resilience.
quotes,Looking for advice on finding joy in the everyday moments.
quotes,In search of motivation to persevere through tough times.
quotes,Request an inspirational quote to share with a friend.
quotes,Seek a wise saying about the strength that comes from facing fears.
quotes,Share words of wisdom on embracing change with courage.
quotes,Provide advice on finding purpose in daily actions.
quotes,Looking for motivation to overcome obstacles with determination.
quotes,In need of inspiration to fuel creativity and innovation.
quotes,Request a wise saying about the power of gratitude.
quotes,Seek words of wisdom on the journey to self-discovery.
quotes,Share advice on staying resilient in the face of adversity.
quotes,Looking for a motivational quote to inspire action.
quotes,In search of inspiration to foster a sense of community.
quotes,Request a wise saying about the value of patience.
quotes,Provide words of wisdom on the significance of kindness.
quotes,Looking for advice on staying resilient in the face of adversity.
quotes,In need of motivation to take the first step toward a goal.
quotes,Request an inspirational quote to share with a friend in need.
quotes,Seek a wise saying about the strength that comes from within.
quotes,Share words of wisdom on the journey to self-discovery.
quotes,Provide advice on finding peace in the midst of chaos.
quotes,Looking for motivation to take the first step toward a goal.
quotes,In need of inspiration to foster a sense of community.
quotes,Request a wise saying about the value of patience.
quotes,Seek words of wisdom on the significance of kindness.
quotes,Share advice on staying resilient in the face of adversity.
quotes,Looking for a motivational quote to inspire action.
quotes,In search of inspiration to fuel creativity and innovation.
quotes,Request a wise saying about the importance of lifelong learning.
quotes,Provide words of wisdom on embracing the present moment.
quotes,Looking for advice on overcoming fear and taking risks.
quotes,In need of motivation to stay focused on long-term goals.
quotes,Request an inspirational quote for a positive start to the week.
quotes,Seek a wise saying about the power of intention.
quotes,Share words of wisdom on finding strength in vulnerability.
quotes,Provide advice on maintaining a positive mindset in challenging times.
quotes,Looking for motivation to turn dreams into reality.
quotes,In search of inspiration for a fresh perspective on life.
quotes,Request a wise saying about the impact of small actions.
quotes,Seek words of wisdom on the journey to self-improvement.
quotes,Share advice on staying true to one's values.
quotes,Looking for a motivational quote to conquer self-doubt.
quotes,In need of inspiration to approach challenges with optimism.
quotes,Request a wise saying about the importance of self-care.
quotes,Provide words of wisdom on the beauty of resilience.
quotes,Looking for advice on finding joy in the everyday moments.
quotes,In search of motivation to persevere through tough times.
quotes,Request an inspirational quote to share with a friend.
quotes,Seek a wise saying about the strength that comes from facing fears.
quotes,Share words of wisdom on embracing change with courage.
quotes,Provide advice on finding purpose in daily actions.
quotes,Looking for motivation to overcome obstacles with determination.
quotes,In need of inspiration to fuel creativity and innovation.
quotes,Request a wise saying about the power of gratitude.
quotes,Seek words of wisdom on the journey to self-discovery.
quotes,Share advice on staying resilient in the face of adversity.
quotes,Looking for a motivational quote to inspire action.
quotes,In search of inspiration to foster a sense of community.
quotes,Request a wise saying about the value of patience.
quotes,Provide words of wisdom on the significance of kindness.
quotes,Looking for advice on staying resilient in the face of adversity.
quotes,In need of motivation to take the first step toward a goal.
quotes,Request an inspirational quote to share with a friend in need.
quotes,Seek a wise saying about the strength that comes from within.
quotes,Share words of wisdom on the journey to self-discovery.
quotes,Provide advice on finding peace in the midst of chaos.
quotes,Looking for motivation to take the first step toward a goal.
quotes,In need of inspiration to foster a sense of community.
quotes,Request a wise saying about the value of patience.
quotes,Seek words of wisdom on the significance of kindness.
quotes,Share advice on staying resilient in the face of adversity.
quotes,Looking for a motivational quote to inspire action.
quotes,In search of inspiration to fuel creativity and innovation.
quotes,Request a wise saying about the importance of lifelong learning.
quotes,Provide words of wisdom on embracing the present moment.
quotes,Looking for advice on overcoming fear and taking risks.
quotes,In need of motivation to stay focused on long-term goals.
quotes,Request an inspirational quote for a positive start to the week.
quotes,Seek a wise saying about the power of intention.
quotes,Share words of wisdom on finding strength in vulnerability.
quotes,Provide advice on maintaining a positive mindset in challenging times.
quotes,Looking for motivation to turn dreams into reality.
quotes,In search of inspiration for a fresh perspective on life.
quotes,Request a wise saying about the impact of small actions.
quotes,Seek words of wisdom on the journey to self-improvement.
quotes,Share advice on staying true to one's values.
quotes,Looking for a motivational quote to conquer self-doubt.
quotes,In need of inspiration to approach challenges with optimism.
quotes,Request a wise saying about the importance of self-care.
quotes,Provide words of wisdom on the beauty of resilience.
quotes,Looking for advice on finding joy in the everyday moments.
quotes,In search of motivation to persevere through tough times.
quotes,Request an inspirational quote to share with a friend.
quotes,Seek a wise saying about the strength that comes from facing fears.
quotes,Share words of wisdom on embracing change with courage.
quotes,Provide advice on finding purpose in daily actions.
quotes,Looking for motivation to overcome obstacles with determination.
quotes,In need of inspiration to fuel creativity and innovation.
quotes,Request a wise saying about the power of gratitude.
quotes,Seek words of wisdom on the journey to self-discovery.
quotes,Share advice on staying resilient in the face of adversity.
quotes,Looking for a motivational quote to inspire action.
quotes,In search of inspiration to foster a sense of community.
quotes,Request a wise saying about the value of patience.
quotes,Provide words of wisdom on the significance of kindness.
quotes,Looking for advice on staying resilient in the face of adversity.
quotes,In need of motivation to take the first step toward a goal.
quotes,Request an inspirational quote to share with a friend in need.
quotes,Seek a wise saying about the strength that comes from within.
quotes,Share words of wisdom on the journey to self-discovery.
quotes,Provide advice on finding peace in the midst of chaos.
quotes,Looking for motivation to take the first step toward a goal.
quotes,In need of inspiration to foster a sense of community.
quotes,Request a wise saying about the value of patience.
quotes,Seek words of wisdom on the significance of kindness.
quotes,Share advice on staying resilient in the face of adversity.
quotes,Looking for a motivational quote to inspire action.
quotes,In search of inspiration to fuel creativity and innovation.
quotes,Request a wise saying about the importance of lifelong learning.
quotes,Provide words of wisdom on embracing the present moment.
quotes,Looking for advice on overcoming fear and taking risks.
quotes,In need of motivation to stay focused on long-term goals.
quotes,Request an inspirational quote for a positive start to the week.
quotes,Seek a wise saying about the power of intention.
quotes,Share words of wisdom on finding strength in vulnerability.
quotes,Provide advice on maintaining a positive mindset in challenging times.
quotes,Looking for motivation to turn dreams into reality.
quotes,In search of inspiration for a fresh perspective on life.
quotes,Request a wise saying about the impact of small actions.
quotes,Seek words of wisdom on the journey to self-improvement.
quotes,Share advice on staying true to one's values.
quotes,Looking for a motivational quote to conquer self-doubt.
quotes,In need of inspiration to approach challenges with optimism.
quotes,Request a wise saying about the importance of self-care.
quotes,Provide words of wisdom on the beauty of resilience.
quotes,Looking for advice on finding joy in the everyday moments.
quotes,In search of motivation to persevere through tough times.
quotes,Request an inspirational quote to share with a friend.
quotes,Seek a wise saying about the strength that comes from facing fears.
quotes,Share words of wisdom on embracing change with courage.
quotes,Provide advice on finding purpose in daily actions.
quotes,Looking for motivation to overcome obstacles with determination.
quotes,In need of inspiration to fuel creativity and innovation.
quotes,Request a wise saying about the power of gratitude.
quotes,Seek words of wisdom on the journey to self-discovery.
quotes,Share advice on staying resilient in the face of adversity.
quotes,Looking for a motivational quote to inspire action.
quotes,In search of inspiration to foster a sense of community.
quotes,Request a wise saying about the value of patience.
quotes,Provide words of wisdom on the significance of kindness.
quotes,Looking for advice on staying resilient in the face of adversity.
quotes,In need of motivation to take the first step toward a goal.
quotes,Request an inspirational quote to share with a friend in need.
quotes,Seek a wise saying about the strength that comes from within.
quotes,Share words of wisdom on the journey to self-discovery.
quotes,Provide advice on finding peace in the midst of chaos.
quotes,Looking for motivation to take the first step toward a goal.
quotes,In need of inspiration to foster a sense of community.
quotes,Request a wise saying about the value of patience.
quotes,Seek words of wisdom on the significance of kindness.
quotes,Share advice on staying resilient in the face of adversity.
quotes,Looking for a motivational quote to inspire action.
quotes,In search of inspiration to fuel creativity and innovation.
quotes,Request a wise saying about the importance of lifelong learning.
search_google,Search Google for "What is the capital of France?"
search_google,Google "What is the weather in Lagos Nigeria?"
search_google,Find out more about the life of Albert Einstein
search_google,Search for the best restaurants in Lagos Nigeria
search_google,Look up the meaning of the word "serendipity"
get_weather,What is the weather like in Lagos Nigeria today?
get_weather,Tell me the weather forecast for Lagos Nigeria tomorrow
get_weather,What is the current temperature in Lagos Nigeria?
get_weather,Will it rain in Lagos Nigeria this weekend?
get_weather,What is the UV index in Lagos Nigeria today?
update_tasks,Mark task 1 as complete
update_tasks,Change the due date for task 2 to tomorrow
update_tasks,Delete task 3 from my list
update_tasks,Add a note to task 4
update_tasks,Move task 5 to the top of my list
check_map,Show me directions to the nearest coffee shop
check_map,Find the best route to get to the airport
check_map,Check the traffic conditions on I-95
check_map,Show me a satellite view of my neighborhood
check_map,What is the address of the nearest hospital?
tell_joke,Can you lighten the mood with a joke?
tell_joke,I could use a good laugh tell me a joke.
tell_joke,Feeling a bit down; how about a joke to cheer me up?
tell_joke,In the mood for some humor share a joke with me.
tell_joke,Got a joke for me? I could use a smile.
tell_joke,Entertain me with a joke please!
tell_joke,What's your best joke to brighten my day?
tell_joke,I'm ready for a good laugh hit me with a joke!
tell_joke,Feeling a bit stressed how about a joke to relax?
tell_joke,Make me laugh! Share a joke with me.
tell_joke,Tell me a joke that will crack me up.
tell_joke,Time for a joke break! Got one for me?
tell_joke,Need a laugh right now tell me a joke.
tell_joke,In the mood for humor share a funny joke.
tell_joke,Feeling a bit bored entertain me with a joke.
tell_joke,What's your go-to joke to make someone smile?
tell_joke,Bring on the humor! Share a joke with me.
tell_joke,Got a joke that's guaranteed to make me laugh?
tell_joke,Need a joke to lighten the mood got one for me?
tell_joke,Humor me with a joke please!
tell_joke,Ready for a good laugh tell me a joke.
tell_joke,Feeling a bit low cheer me up with a joke.
tell_joke,How about a joke to brighten my day?
tell_joke,Hit me with your best joke I'm ready!
tell_joke,Need a joke to make me smile got one?
tell_joke,Entertain me with a joke that will crack me up.
tell_joke,Tell me a joke that will lift my spirits.
tell_joke,Time for a joke! What do you have for me?
tell_joke,I'm in the mood for laughter share a joke.
tell_joke,Feeling a bit gloomy how about a joke?
tell_joke,Make me laugh! Share your funniest joke.
tell_joke,Tell me a joke to lighten the atmosphere.
tell_joke,Ready for a good laugh hit me with a joke!
tell_joke,Feeling a bit stressed how about a joke break?
tell_joke,What's your go-to joke to make people laugh?
tell_joke,Brighten my day with a joke please!
tell_joke,Got a joke that will crack me up? Share it!
tell_joke,Need a laugh right now tell me a joke.
tell_joke,In the mood for humor share a funny anecdote.
tell_joke,Feeling a bit bored entertain me with a joke.
tell_joke,What's your best joke to bring a smile to my face?
tell_joke,Bring on the humor! Share a joke with me.
tell_joke,Got a joke that's guaranteed to make me laugh?
tell_joke,Need a joke to lighten the mood got one?
tell_joke,Humor me with a joke please!
tell_joke,Ready for a good laugh tell me a joke.
tell_joke,Feeling a bit low cheer me up with a joke.
tell_joke,How about a joke to brighten my day?
tell_joke,Hit me with your best joke I'm ready!
tell_joke,Need a joke to make me smile got one?
tell_joke,Entertain me with a joke that will crack me up.
tell_joke,Tell me a joke that will lift my spirits.
tell_joke,Time for a joke! What do you have for me?
tell_joke,I'm in the mood for laughter share a joke.
tell_joke,Feeling a bit gloomy how about a joke?
tell_joke,Make me laugh! Share your funniest joke.
tell_joke,Tell me a joke to lighten the atmosphere.
tell_joke,Ready for a good laugh hit me with a joke!
tell_joke,Feeling a bit stressed how about a joke break?
tell_joke,What's your go-to joke to make people laugh?
tell_joke,Brighten my day with a joke please!
tell_joke,Got a joke that will crack me up? Share it!
tell_joke,Need a laugh right now tell me a joke.
tell_joke,In the mood for humor share a funny anecdote.
tell_joke,Feeling a bit bored entertain me with a joke.
tell_joke,What's your best joke to bring a smile to my face?
tell_joke,Bring on the humor! Share a joke with me.
tell_joke,Got a joke that's guaranteed to make me laugh?
tell_joke,Need a joke to lighten the mood got one?
tell_joke,Humor me with a joke please!
tell_joke,Ready for a good laugh tell me a joke.
tell_joke,Feeling a bit low cheer me up with a joke.
tell_joke,How about a joke to brighten my day?
tell_joke,Hit me with your best joke I'm ready!
tell_joke,Need a joke to make me smile got one?
tell_joke,Entertain me with a joke that will crack me up.
tell_joke,Tell me a joke that will lift my spirits.
tell_joke,Time for a joke! What do you have for me?
tell_joke,I'm in the mood for laughter share a joke.
tell_joke,Feeling a bit gloomy how about a joke?
tell_joke,Make me laugh! Share your funniest joke.
tell_joke,Tell me a joke to lighten the atmosphere.
tell_joke,Ready for a good laugh hit me with a joke!
tell_joke,Feeling a bit stressed how about a joke break?
tell_joke,What's your go-to joke to make people laugh?
tell_joke,Brighten my day with a joke please!
tell_joke,Got a joke that will crack me up? Share it!
tell_joke,Need a laugh right now tell me a joke.
tell_joke,In the mood for humor share a funny anecdote.
tell_joke,Feeling a bit bored entertain me with a joke.
tell_joke,What's your best joke to bring a smile to my face?
tell_joke,Bring on the humor! Share a joke with me.
tell_joke,Got a joke that's guaranteed to make me laugh?
tell_joke,Need a joke to lighten the mood got one?
tell_joke,Humor me with a joke please!
tell_joke,Ready for a good laugh tell me a joke.
tell_joke,Feeling a bit low cheer me up with a joke.
tell_joke,How about a joke to brighten my day?
tell_joke,Hit me with your best joke I'm ready!
tell_joke,Need a joke to make me smile got one?
tell_joke,Entertain me with a joke that will crack me up.
tell_joke,Tell me a joke that will lift my spirits.
tell_joke,Time for a joke! What do you have for me?
tell_joke,I'm in the mood for laughter share a joke.
tell_joke,Feeling a bit gloomy how about a joke?
tell_joke,Make me laugh! Share your funniest joke.
tell_joke,Tell me a joke to lighten the atmosphere.
tell_joke,Ready for a good laugh hit me with a joke!
tell_joke,Feeling a bit stressed how about a joke break?
tell_joke,What's your go-to joke to make people laugh?
tell_joke,Brighten my day with a joke please!
tell_joke,Got a joke that will crack me up? Share it!
tell_joke,Need a laugh right now tell me a joke.
tell_joke,In the mood for humor share a funny anecdote.
tell_joke,Feeling a bit bored entertain me with a joke.
tell_joke,What's your best joke to bring a smile to my face?
tell_joke,Bring on the humor! Share a joke with me.
tell_joke,Got a joke that's guaranteed to make me laugh?
tell_joke,Need a joke to lighten the mood got one?
tell_joke,Humor me with a joke please!
tell_joke,Ready for a good laugh tell me a joke.
tell_joke,Feeling a bit low cheer me up with a joke.
tell_joke,How about a joke to brighten my day?
tell_joke,Hit me with your best joke I'm ready!
tell_joke,Need a joke to make me smile got one?
tell_joke,Entertain me with a joke that will crack me up.
tell_joke,Tell me a joke that will lift my spirits.
tell_joke,Time for a joke! What do you have for me?
tell_joke,I'm in the mood for laughter share a joke.
tell_joke,Feeling a bit gloomy how about a joke?
tell_joke,Make me laugh! Share your funniest joke.
tell_joke,Tell me a joke to lighten the atmosphere.
tell_joke,Ready for a good laugh hit me with a joke!
tell_joke,Feeling a bit stressed how about a joke break?
tell_joke,What's your go-to joke to make people laugh?
tell_joke,Brighten my day with a joke please!
tell_joke,Got a joke that will crack me up? Share it!
tell_joke,Need a laugh right now tell me a joke.
tell_joke,In the mood for humor share a funny anecdote.
tell_joke,Feeling a bit bored entertain me with a joke.
tell_joke,What's your best joke to bring a smile to my face?
tell_joke,Bring on the humor! Share a joke with me.
tell_joke,Got a joke that's guaranteed to make me laugh?
tell_joke,Need a joke to lighten the mood got one?
tell_joke,Humor me with a joke please!
tell_joke,Ready for a good laugh tell me a joke.
tell_joke,Feeling a bit low cheer me up with a joke.
tell_joke,How about a joke to brighten my day?
tell_joke,Hit me with your best joke I'm ready!
tell_joke,Need a joke to make me smile got one?
tell_joke,Entertain me with a joke that will crack me up.
tell_joke,Tell me a joke that will lift my spirits.
tell_joke,Time for a joke! What do you have for me?
tell_joke,I'm in the mood for laughter share a joke.
tell_joke,Feeling a bit gloomy how about a joke?
tell_joke,Make me laugh! Share your funniest joke.
tell_joke,Tell me a joke to lighten the atmosphere.
tell_joke,Ready for a good laugh hit me with a joke!
tell_joke,Feeling a bit stressed how about a joke break?
tell_joke,What's your go-to joke to make people laugh?
tell_joke,Brighten my day with a joke please!
tell_joke,Got a joke that will crack me up? Share it!
tell_joke,Need a laugh right now tell me a joke.
tell_joke,In the mood for humor share a funny anecdote.
tell_joke,Feeling a bit bored entertain me with a joke.
tell_joke,What's your best joke to bring a smile to my face?
tell_joke,Bring on the humor! Share a joke with me.
tell_joke,Got a joke that's guaranteed to make me laugh?
tell_joke,Need a joke to lighten the mood got one?
tell_joke,Humor me with a joke please!
tell_joke,Ready for a good laugh tell me a joke.
tell_joke,Feeling a bit low cheer me up with a joke.
tell_joke,How about a joke to brighten my day?
tell_joke,Hit me with your best joke I'm ready!
tell_joke,Need a joke to make me smile got one?
tell_joke,Entertain me with a joke that will crack me up.
tell_joke,Tell me a joke that will lift my spirits.
tell_joke,Time for a joke! What do you have for me?
tell_joke,I'm in the mood for laughter share a joke.
tell_joke,Feeling a bit gloomy how about a joke?
tell_joke,Make me laugh! Share your funniest joke.
tell_joke,Tell me a joke to lighten the atmosphere.
tell_joke,Ready for a good laugh hit me with a joke!
tell_joke,Feeling a bit stressed how about a joke break?
tell_joke,What's your go-to joke to make people laugh?
tell_joke,Brighten my day with a joke please!
tell_joke,Got a joke that will crack me up? Share it!
tell_joke,Need a laugh right now tell me a joke.
tell_joke,In the mood for humor share a funny anecdote.
tell_joke,Feeling a bit bored entertain me with a joke.
tell_joke,What's your best joke to bring a smile to my face?
tell_joke,Bring on the humor! Share a joke with me.
tell_joke,Got a joke that's guaranteed to make me laugh?
tell_joke,Need a joke to lighten the mood got one?
tell_joke,Humor me with a joke please!
tell_joke,Ready for a good laugh tell me a joke.
tell_joke,Feeling a bit low cheer me up with a joke.
tell_joke,How about a joke to brighten my day?
tell_joke,Hit me with your best joke I'm ready!
tell_joke,Need a joke to make me smile got one?
tell_joke,Entertain me with a joke that will crack me
